{"cameraMode":{"drawMode":0,"name":"Shaded","section":"Shading Mode"},"sceneLighting":true,"audioPlay":false,"sceneViewState":{"showFog":true,"showMaterialUpdate":false,"showSkybox":true,"showFlares":true,"showImageEffects":true,"showParticleSystems":true},"in2DMode":false,"pivot":{"x":3.509073257446289,"y":0.5631844401359558,"z":-6.496534824371338},"rotation":{"x":0.11202722787857056,"y":0.3563968241214752,"z":-0.04306642711162567,"w":0.926594078540802},"size":3.8971548080444338,"orthographic":false}